id,kode_provinsi,nama_provinsi,bps_kode_kabupaten_kota,bps_nama_kabupaten_kota,bps_kode_kecamatan,bps_nama_kecamatan,kemendagri_kode_kecamatan,kemendagri_nama_kecamatan,kepadatan_penduduk,satuan,tahun
1,32,JAWA BARAT,3273,KOTA BANDUNG,3273180,ANDIR,32.73.05,ANDIR,23410,JIWA/KM2,2018
2,32,JAWA BARAT,3273,KOTA BANDUNG,3273141,ANTAPANI,32.73.20,ANTAPANI,18363,JIWA/KM2,2018
3,32,JAWA BARAT,3273,KOTA BANDUNG,3273130,ARCAMANIK,32.73.24,ARCAMANIK,9852,JIWA/KM2,2018
4,32,JAWA BARAT,3273,KOTA BANDUNG,3273050,ASTANAANYAR,32.73.10,ASTANA ANYAR,27499,JIWA/KM2,2018
5,32,JAWA BARAT,3273,KOTA BANDUNG,3273020,BABAKAN CIPARAY,32.73.03,BABAKAN CIPARAY,19389,JIWA/KM2,2018
6,32,JAWA BARAT,3273,KOTA BANDUNG,3273080,BANDUNG KIDUL,32.73.21,BANDUNG KIDUL,10880,JIWA/KM2,2018
7,32,JAWA BARAT,3273,KOTA BANDUNG,3273010,BANDUNG KULON,32.73.15,BANDUNG KULON,18970,JIWA/KM2,2018
8,32,JAWA BARAT,3273,KOTA BANDUNG,3273200,BANDUNG WETAN,32.73.09,BANDUNG WETAN,8370,JIWA/KM2,2018
9,32,JAWA BARAT,3273,KOTA BANDUNG,3273160,BATUNUNGGAL,32.73.12,BATUNUNGGAL,24888,JIWA/KM2,2018
10,32,JAWA BARAT,3273,KOTA BANDUNG,3273030,BOJONGLOA KALER,32.73.04,BOJONGLOA KALER,39400,JIWA/KM2,2018
11,32,JAWA BARAT,3273,KOTA BANDUNG,3273040,BOJONGLOA KIDUL,32.73.17,BOJONGLOA KIDUL,16315,JIWA/KM2,2018
12,32,JAWA BARAT,3273,KOTA BANDUNG,3273090,BUAHBATU,32.73.22,BUAHBATU,13333,JIWA/KM2,2018
13,32,JAWA BARAT,3273,KOTA BANDUNG,3273220,CIBEUNYING KALER,32.73.18,CIBEUNYING KALER,14887,JIWA/KM2,2018
14,32,JAWA BARAT,3273,KOTA BANDUNG,3273210,CIBEUNYING KIDUL,32.73.14,CIBEUNYING KIDUL,26845,JIWA/KM2,2018
15,32,JAWA BARAT,3273,KOTA BANDUNG,3273110,CIBIRU,32.73.25,CIBIRU,10528,JIWA/KM2,2018
16,32,JAWA BARAT,3273,KOTA BANDUNG,3273190,CICENDO,32.73.06,CICENDO,12195,JIWA/KM2,2018
17,32,JAWA BARAT,3273,KOTA BANDUNG,3273260,CIDADAP,32.73.08,CIDADAP,6296,JIWA/KM2,2018
18,32,JAWA BARAT,3273,KOTA BANDUNG,3273121,CINAMBO,32.73.29,CINAMBO,5838,JIWA/KM2,2018
19,32,JAWA BARAT,3273,KOTA BANDUNG,3273230,COBLONG,32.73.02,COBLONG,15368,JIWA/KM2,2018
20,32,JAWA BARAT,3273,KOTA BANDUNG,3273101,GEDEBAGE,32.73.27,GEDEBAGE,3980,JIWA/KM2,2018
21,32,JAWA BARAT,3273,KOTA BANDUNG,3273150,KIARACONDONG,32.73.16,KIARACONDONG,22168,JIWA/KM2,2018
22,32,JAWA BARAT,3273,KOTA BANDUNG,3273070,LENGKONG,32.73.13,LENGKONG,11930,JIWA/KM2,2018
23,32,JAWA BARAT,3273,KOTA BANDUNG,3273142,MANDALAJATI,32.73.30,MANDALAJATI,14479,JIWA/KM2,2018
24,32,JAWA BARAT,3273,KOTA BANDUNG,3273111,PANYILEUKAN,32.73.28,PANYILEUKAN,7276,JIWA/KM2,2018
25,32,JAWA BARAT,3273,KOTA BANDUNG,3273100,RANCASARI,32.73.23,RANCASARI,11702,JIWA/KM2,2018
26,32,JAWA BARAT,3273,KOTA BANDUNG,3273060,REGOL,32.73.11,REGOL,16766,JIWA/KM2,2018
27,32,JAWA BARAT,3273,KOTA BANDUNG,3273240,SUKAJADI,32.73.07,SUKAJADI,19088,JIWA/KM2,2018
28,32,JAWA BARAT,3273,KOTA BANDUNG,3273250,SUKASARI,32.73.01,SUKASARI,11990,JIWA/KM2,2018
29,32,JAWA BARAT,3273,KOTA BANDUNG,3273170,SUMUR BANDUNG,32.73.19,SUMUR BANDUNG,10382,JIWA/KM2,2018
30,32,JAWA BARAT,3273,KOTA BANDUNG,3273120,UJUNG BERUNG,32.73.26,UJUNGBERUNG,13550,JIWA/KM2,2018
31,32,JAWA BARAT,3273,KOTA BANDUNG,3273180,ANDIR,32.73.05,ANDIR,23491,JIWA/KM2,2019
32,32,JAWA BARAT,3273,KOTA BANDUNG,3273141,ANTAPANI,32.73.20,ANTAPANI,18617,JIWA/KM2,2019
33,32,JAWA BARAT,3273,KOTA BANDUNG,3273130,ARCAMANIK,32.73.24,ARCAMANIK,10045,JIWA/KM2,2019
34,32,JAWA BARAT,3273,KOTA BANDUNG,3273050,ASTANAANYAR,32.73.10,ASTANA ANYAR,27641,JIWA/KM2,2019
35,32,JAWA BARAT,3273,KOTA BANDUNG,3273020,BABAKAN CIPARAY,32.73.03,BABAKAN CIPARAY,19631,JIWA/KM2,2019
36,32,JAWA BARAT,3273,KOTA BANDUNG,3273080,BANDUNG KIDUL,32.73.21,BANDUNG KIDUL,11014,JIWA/KM2,2019
37,32,JAWA BARAT,3273,KOTA BANDUNG,3273010,BANDUNG KULON,32.73.15,BANDUNG KULON,19109,JIWA/KM2,2019
38,32,JAWA BARAT,3273,KOTA BANDUNG,3273200,BANDUNG WETAN,32.73.09,BANDUNG WETAN,8406,JIWA/KM2,2019
39,32,JAWA BARAT,3273,KOTA BANDUNG,3273160,BATUNUNGGAL,32.73.12,BATUNUNGGAL,25083,JIWA/KM2,2019
40,32,JAWA BARAT,3273,KOTA BANDUNG,3273030,BOJONGLOA KALER,32.73.04,BOJONGLOA KALER,39573,JIWA/KM2,2019
41,32,JAWA BARAT,3273,KOTA BANDUNG,3273040,BOJONGLOA KIDUL,32.73.17,BOJONGLOA KIDUL,16469,JIWA/KM2,2019
42,32,JAWA BARAT,3273,KOTA BANDUNG,3273090,BUAHBATU,32.73.22,BUAHBATU,13542,JIWA/KM2,2019
43,32,JAWA BARAT,3273,KOTA BANDUNG,3273220,CIBEUNYING KALER,32.73.18,CIBEUNYING KALER,15039,JIWA/KM2,2019
44,32,JAWA BARAT,3273,KOTA BANDUNG,3273210,CIBEUNYING KIDUL,32.73.14,CIBEUNYING KIDUL,27271,JIWA/KM2,2019
45,32,JAWA BARAT,3273,KOTA BANDUNG,3273110,CIBIRU,32.73.25,CIBIRU,10642,JIWA/KM2,2019
46,32,JAWA BARAT,3273,KOTA BANDUNG,3273190,CICENDO,32.73.06,CICENDO,12325,JIWA/KM2,2019
47,32,JAWA BARAT,3273,KOTA BANDUNG,3273260,CIDADAP,32.73.08,CIDADAP,6368,JIWA/KM2,2019
48,32,JAWA BARAT,3273,KOTA BANDUNG,3273121,CINAMBO,32.73.29,CINAMBO,5906,JIWA/KM2,2019
49,32,JAWA BARAT,3273,KOTA BANDUNG,3273230,COBLONG,32.73.02,COBLONG,15617,JIWA/KM2,2019
50,32,JAWA BARAT,3273,KOTA BANDUNG,3273101,GEDEBAGE,32.73.27,GEDEBAGE,4028,JIWA/KM2,2019
51,32,JAWA BARAT,3273,KOTA BANDUNG,3273150,KIARACONDONG,32.73.16,KIARACONDONG,22427,JIWA/KM2,2019
52,32,JAWA BARAT,3273,KOTA BANDUNG,3273070,LENGKONG,32.73.13,LENGKONG,12063,JIWA/KM2,2019
53,32,JAWA BARAT,3273,KOTA BANDUNG,3273142,MANDALAJATI,32.73.30,MANDALAJATI,14783,JIWA/KM2,2019
54,32,JAWA BARAT,3273,KOTA BANDUNG,3273111,PANYILEUKAN,32.73.28,PANYILEUKAN,7397,JIWA/KM2,2019
55,32,JAWA BARAT,3273,KOTA BANDUNG,3273100,RANCASARI,32.73.23,RANCASARI,11901,JIWA/KM2,2019
56,32,JAWA BARAT,3273,KOTA BANDUNG,3273060,REGOL,32.73.11,REGOL,16907,JIWA/KM2,2019
57,32,JAWA BARAT,3273,KOTA BANDUNG,3273240,SUKAJADI,32.73.07,SUKAJADI,19188,JIWA/KM2,2019
58,32,JAWA BARAT,3273,KOTA BANDUNG,3273250,SUKASARI,32.73.01,SUKASARI,12098,JIWA/KM2,2019
59,32,JAWA BARAT,3273,KOTA BANDUNG,3273170,SUMUR BANDUNG,32.73.19,SUMUR BANDUNG,10619,JIWA/KM2,2019
60,32,JAWA BARAT,3273,KOTA BANDUNG,3273120,UJUNG BERUNG,32.73.26,UJUNGBERUNG,13818,JIWA/KM2,2019
61,32,JAWA BARAT,3273,KOTA BANDUNG,3273180,ANDIR,32.73.05,ANDIR,23528,JIWA/KM2,2020
62,32,JAWA BARAT,3273,KOTA BANDUNG,3273141,ANTAPANI,32.73.20,ANTAPANI,18838,JIWA/KM2,2020
63,32,JAWA BARAT,3273,KOTA BANDUNG,3273130,ARCAMANIK,32.73.24,ARCAMANIK,10244,JIWA/KM2,2020
64,32,JAWA BARAT,3273,KOTA BANDUNG,3273050,ASTANAANYAR,32.73.10,ASTANA ANYAR,27424,JIWA/KM2,2020
65,32,JAWA BARAT,3273,KOTA BANDUNG,3273020,BABAKAN CIPARAY,32.73.03,BABAKAN CIPARAY,19971,JIWA/KM2,2020
66,32,JAWA BARAT,3273,KOTA BANDUNG,3273080,BANDUNG KIDUL,32.73.21,BANDUNG KIDUL,11180,JIWA/KM2,2020
67,32,JAWA BARAT,3273,KOTA BANDUNG,3273010,BANDUNG KULON,32.73.15,BANDUNG KULON,19441,JIWA/KM2,2020
68,32,JAWA BARAT,3273,KOTA BANDUNG,3273200,BANDUNG WETAN,32.73.09,BANDUNG WETAN,8339,JIWA/KM2,2020
69,32,JAWA BARAT,3273,KOTA BANDUNG,3273160,BATUNUNGGAL,32.73.12,BATUNUNGGAL,25050,JIWA/KM2,2020
70,32,JAWA BARAT,3273,KOTA BANDUNG,3273030,BOJONGLOA KALER,32.73.04,BOJONGLOA KALER,39667,JIWA/KM2,2020
71,32,JAWA BARAT,3273,KOTA BANDUNG,3273040,BOJONGLOA KIDUL,32.73.17,BOJONGLOA KIDUL,16702,JIWA/KM2,2020
72,32,JAWA BARAT,3273,KOTA BANDUNG,3273090,BUAHBATU,32.73.22,BUAHBATU,13744,JIWA/KM2,2020
73,32,JAWA BARAT,3273,KOTA BANDUNG,3273220,CIBEUNYING KALER,32.73.18,CIBEUNYING KALER,15142,JIWA/KM2,2020
74,32,JAWA BARAT,3273,KOTA BANDUNG,3273210,CIBEUNYING KIDUL,32.73.14,CIBEUNYING KIDUL,27194,JIWA/KM2,2020
75,32,JAWA BARAT,3273,KOTA BANDUNG,3273110,CIBIRU,32.73.25,CIBIRU,10842,JIWA/KM2,2020
76,32,JAWA BARAT,3273,KOTA BANDUNG,3273190,CICENDO,32.73.06,CICENDO,12301,JIWA/KM2,2020
77,32,JAWA BARAT,3273,KOTA BANDUNG,3273260,CIDADAP,32.73.08,CIDADAP,6412,JIWA/KM2,2020
78,32,JAWA BARAT,3273,KOTA BANDUNG,3273121,CINAMBO,32.73.29,CINAMBO,5959,JIWA/KM2,2020
79,32,JAWA BARAT,3273,KOTA BANDUNG,3273230,COBLONG,32.73.02,COBLONG,15639,JIWA/KM2,2020
80,32,JAWA BARAT,3273,KOTA BANDUNG,3273101,GEDEBAGE,32.73.27,GEDEBAGE,4105,JIWA/KM2,2020
81,32,JAWA BARAT,3273,KOTA BANDUNG,3273150,KIARACONDONG,32.73.16,KIARACONDONG,22482,JIWA/KM2,2020
82,32,JAWA BARAT,3273,KOTA BANDUNG,3273070,LENGKONG,32.73.13,LENGKONG,12027,JIWA/KM2,2020
83,32,JAWA BARAT,3273,KOTA BANDUNG,3273142,MANDALAJATI,32.73.30,MANDALAJATI,15022,JIWA/KM2,2020
84,32,JAWA BARAT,3273,KOTA BANDUNG,3273111,PANYILEUKAN,32.73.28,PANYILEUKAN,7540,JIWA/KM2,2020
85,32,JAWA BARAT,3273,KOTA BANDUNG,3273100,RANCASARI,32.73.23,RANCASARI,12092,JIWA/KM2,2020
86,32,JAWA BARAT,3273,KOTA BANDUNG,3273060,REGOL,32.73.11,REGOL,16993,JIWA/KM2,2020
87,32,JAWA BARAT,3273,KOTA BANDUNG,3273240,SUKAJADI,32.73.07,SUKAJADI,19385,JIWA/KM2,2020
88,32,JAWA BARAT,3273,KOTA BANDUNG,3273250,SUKASARI,32.73.01,SUKASARI,12167,JIWA/KM2,2020
89,32,JAWA BARAT,3273,KOTA BANDUNG,3273170,SUMUR BANDUNG,32.73.19,SUMUR BANDUNG,10736,JIWA/KM2,2020
90,32,JAWA BARAT,3273,KOTA BANDUNG,3273120,UJUNG BERUNG,32.73.26,UJUNGBERUNG,14099,JIWA/KM2,2020
91,32,JAWA BARAT,3273,KOTA BANDUNG,3273180,ANDIR,32.73.05,ANDIR,23577,JIWA/KM2,2021
92,32,JAWA BARAT,3273,KOTA BANDUNG,3273141,ANTAPANI,32.73.20,ANTAPANI,19046,JIWA/KM2,2021
93,32,JAWA BARAT,3273,KOTA BANDUNG,3273130,ARCAMANIK,32.73.24,ARCAMANIK,10505,JIWA/KM2,2021
94,32,JAWA BARAT,3273,KOTA BANDUNG,3273050,ASTANAANYAR,32.73.10,ASTANA ANYAR,27468,JIWA/KM2,2021
95,32,JAWA BARAT,3273,KOTA BANDUNG,3273020,BABAKAN CIPARAY,32.73.03,BABAKAN CIPARAY,20160,JIWA/KM2,2021
96,32,JAWA BARAT,3273,KOTA BANDUNG,3273080,BANDUNG KIDUL,32.73.21,BANDUNG KIDUL,11301,JIWA/KM2,2021
97,32,JAWA BARAT,3273,KOTA BANDUNG,3273010,BANDUNG KULON,32.73.15,BANDUNG KULON,19656,JIWA/KM2,2021
98,32,JAWA BARAT,3273,KOTA BANDUNG,3273200,BANDUNG WETAN,32.73.09,BANDUNG WETAN,8391,JIWA/KM2,2021
99,32,JAWA BARAT,3273,KOTA BANDUNG,3273160,BATUNUNGGAL,32.73.12,BATUNUNGGAL,25236,JIWA/KM2,2021
100,32,JAWA BARAT,3273,KOTA BANDUNG,3273030,BOJONGLOA KALER,32.73.04,BOJONGLOA KALER,39906,JIWA/KM2,2021
101,32,JAWA BARAT,3273,KOTA BANDUNG,3273040,BOJONGLOA KIDUL,32.73.17,BOJONGLOA KIDUL,16907,JIWA/KM2,2021
102,32,JAWA BARAT,3273,KOTA BANDUNG,3273090,BUAHBATU,32.73.22,BUAHBATU,13955,JIWA/KM2,2021
103,32,JAWA BARAT,3273,KOTA BANDUNG,3273220,CIBEUNYING KALER,32.73.18,CIBEUNYING KALER,15260,JIWA/KM2,2021
104,32,JAWA BARAT,3273,KOTA BANDUNG,3273210,CIBEUNYING KIDUL,32.73.14,CIBEUNYING KIDUL,27432,JIWA/KM2,2021
105,32,JAWA BARAT,3273,KOTA BANDUNG,3273110,CIBIRU,32.73.25,CIBIRU,11079,JIWA/KM2,2021
106,32,JAWA BARAT,3273,KOTA BANDUNG,3273190,CICENDO,32.73.06,CICENDO,12363,JIWA/KM2,2021
107,32,JAWA BARAT,3273,KOTA BANDUNG,3273260,CIDADAP,32.73.08,CIDADAP,6467,JIWA/KM2,2021
108,32,JAWA BARAT,3273,KOTA BANDUNG,3273121,CINAMBO,32.73.29,CINAMBO,6020,JIWA/KM2,2021
109,32,JAWA BARAT,3273,KOTA BANDUNG,3273230,COBLONG,32.73.02,COBLONG,15740,JIWA/KM2,2021
110,32,JAWA BARAT,3273,KOTA BANDUNG,3273101,GEDEBAGE,32.73.27,GEDEBAGE,4191,JIWA/KM2,2021
111,32,JAWA BARAT,3273,KOTA BANDUNG,3273150,KIARACONDONG,32.73.16,KIARACONDONG,22692,JIWA/KM2,2021
112,32,JAWA BARAT,3273,KOTA BANDUNG,3273070,LENGKONG,32.73.13,LENGKONG,12058,JIWA/KM2,2021
113,32,JAWA BARAT,3273,KOTA BANDUNG,3273142,MANDALAJATI,32.73.30,MANDALAJATI,15319,JIWA/KM2,2021
114,32,JAWA BARAT,3273,KOTA BANDUNG,3273111,PANYILEUKAN,32.73.28,PANYILEUKAN,7643,JIWA/KM2,2021
115,32,JAWA BARAT,3273,KOTA BANDUNG,3273100,RANCASARI,32.73.23,RANCASARI,12335,JIWA/KM2,2021
116,32,JAWA BARAT,3273,KOTA BANDUNG,3273060,REGOL,32.73.11,REGOL,17048,JIWA/KM2,2021
117,32,JAWA BARAT,3273,KOTA BANDUNG,3273240,SUKAJADI,32.73.07,SUKAJADI,19463,JIWA/KM2,2021
118,32,JAWA BARAT,3273,KOTA BANDUNG,3273250,SUKASARI,32.73.01,SUKASARI,12201,JIWA/KM2,2021
119,32,JAWA BARAT,3273,KOTA BANDUNG,3273170,SUMUR BANDUNG,32.73.19,SUMUR BANDUNG,10866,JIWA/KM2,2021
120,32,JAWA BARAT,3273,KOTA BANDUNG,3273120,UJUNG BERUNG,32.73.26,UJUNGBERUNG,14424,JIWA/KM2,2021
121,32,JAWA BARAT,3273,KOTA BANDUNG,3273250,SUKASARI,32.73.01,SUKASARI,12419,JIWA/KM2,2022
122,32,JAWA BARAT,3273,KOTA BANDUNG,3273230,COBLONG,32.73.02,COBLONG,15786,JIWA/KM2,2022
123,32,JAWA BARAT,3273,KOTA BANDUNG,3273020,BABAKAN CIPARAY,32.73.03,BABAKAN CIPARAY,19439,JIWA/KM2,2022
124,32,JAWA BARAT,3273,KOTA BANDUNG,3273030,BOJONGLOA KALER,32.73.04,BOJONGLOA KALER,41281,JIWA/KM2,2022
125,32,JAWA BARAT,3273,KOTA BANDUNG,3273180,ANDIR,32.73.05,ANDIR,26705,JIWA/KM2,2022
126,32,JAWA BARAT,3273,KOTA BANDUNG,3273190,CICENDO,32.73.06,CICENDO,14091,JIWA/KM2,2022
127,32,JAWA BARAT,3273,KOTA BANDUNG,3273240,SUKAJADI,32.73.07,SUKAJADI,24093,JIWA/KM2,2022
128,32,JAWA BARAT,3273,KOTA BANDUNG,3273260,CIDADAP,32.73.08,CIDADAP,8988,JIWA/KM2,2022
129,32,JAWA BARAT,3273,KOTA BANDUNG,3273200,BANDUNG WETAN,32.73.09,BANDUNG WETAN,8537,JIWA/KM2,2022
130,32,JAWA BARAT,3273,KOTA BANDUNG,3273050,ASTANAANYAR,32.73.10,ASTANA ANYAR,25399,JIWA/KM2,2022
131,32,JAWA BARAT,3273,KOTA BANDUNG,3273060,REGOL,32.73.11,REGOL,18843,JIWA/KM2,2022
132,32,JAWA BARAT,3273,KOTA BANDUNG,3273160,BATUNUNGGAL,32.73.12,BATUNUNGGAL,24230,JIWA/KM2,2022
133,32,JAWA BARAT,3273,KOTA BANDUNG,3273070,LENGKONG,32.73.13,LENGKONG,12064,JIWA/KM2,2022
134,32,JAWA BARAT,3273,KOTA BANDUNG,3273210,CIBEUNYING KIDUL,32.73.14,CIBEUNYING KIDUL,21735,JIWA/KM2,2022
135,32,JAWA BARAT,3273,KOTA BANDUNG,3273010,BANDUNG KULON,32.73.15,BANDUNG KULON,21235,JIWA/KM2,2022
136,32,JAWA BARAT,3273,KOTA BANDUNG,3273150,KIARACONDONG,32.73.16,KIARACONDONG,21517,JIWA/KM2,2022
137,32,JAWA BARAT,3273,KOTA BANDUNG,3273040,BOJONGLOA KIDUL,32.73.17,BOJONGLOA KIDUL,14150,JIWA/KM2,2022
138,32,JAWA BARAT,3273,KOTA BANDUNG,3273220,CIBEUNYING KALER,32.73.18,CIBEUNYING KALER,15817,JIWA/KM2,2022
139,32,JAWA BARAT,3273,KOTA BANDUNG,3273170,SUMUR BANDUNG,32.73.19,SUMUR BANDUNG,11451,JIWA/KM2,2022
140,32,JAWA BARAT,3273,KOTA BANDUNG,3273141,ANTAPANI,32.73.20,ANTAPANI,21396,JIWA/KM2,2022
141,32,JAWA BARAT,3273,KOTA BANDUNG,3273080,BANDUNG KIDUL,32.73.21,BANDUNG KIDUL,10199,JIWA/KM2,2022
142,32,JAWA BARAT,3273,KOTA BANDUNG,3273090,BUAHBATU,32.73.22,BUAHBATU,13282,JIWA/KM2,2022
143,32,JAWA BARAT,3273,KOTA BANDUNG,3273100,RANCASARI,32.73.23,RANCASARI,11910,JIWA/KM2,2022
144,32,JAWA BARAT,3273,KOTA BANDUNG,3273130,ARCAMANIK,32.73.24,ARCAMANIK,13814,JIWA/KM2,2022
145,32,JAWA BARAT,3273,KOTA BANDUNG,3273110,CIBIRU,32.73.25,CIBIRU,12145,JIWA/KM2,2022
146,32,JAWA BARAT,3273,KOTA BANDUNG,3273120,UJUNG BERUNG,32.73.26,UJUNGBERUNG,14294,JIWA/KM2,2022
147,32,JAWA BARAT,3273,KOTA BANDUNG,3273101,GEDEBAGE,32.73.27,GEDEBAGE,4441,JIWA/KM2,2022
148,32,JAWA BARAT,3273,KOTA BANDUNG,3273111,PANYILEUKAN,32.73.28,PANYILEUKAN,8043,JIWA/KM2,2022
149,32,JAWA BARAT,3273,KOTA BANDUNG,3273121,CINAMBO,32.73.29,CINAMBO,7019,JIWA/KM2,2022
150,32,JAWA BARAT,3273,KOTA BANDUNG,3273142,MANDALAJATI,32.73.30,MANDALAJATI,11188,JIWA/KM2,2022
151,32,JAWA BARAT,3273,KOTA BANDUNG,3273250,SUKASARI,32.73.01,SUKASARI,12484,JIWA/KM2,2023
152,32,JAWA BARAT,3273,KOTA BANDUNG,3273230,COBLONG,32.73.02,COBLONG,15901,JIWA/KM2,2023
153,32,JAWA BARAT,3273,KOTA BANDUNG,3273020,BABAKAN CIPARAY,32.73.03,BABAKAN CIPARAY,19694,JIWA/KM2,2023
154,32,JAWA BARAT,3273,KOTA BANDUNG,3273030,BOJONGLOA KALER,32.73.04,BOJONGLOA KALER,41501,JIWA/KM2,2023
155,32,JAWA BARAT,3273,KOTA BANDUNG,3273180,ANDIR,32.73.05,ANDIR,26760,JIWA/KM2,2023
156,32,JAWA BARAT,3273,KOTA BANDUNG,3273190,CICENDO,32.73.06,CICENDO,14180,JIWA/KM2,2023
157,32,JAWA BARAT,3273,KOTA BANDUNG,3273240,SUKAJADI,32.73.07,SUKAJADI,24216,JIWA/KM2,2023
158,32,JAWA BARAT,3273,KOTA BANDUNG,3273260,CIDADAP,32.73.08,CIDADAP,9108,JIWA/KM2,2023
159,32,JAWA BARAT,3273,KOTA BANDUNG,3273200,BANDUNG WETAN,32.73.09,BANDUNG WETAN,8628,JIWA/KM2,2023
160,32,JAWA BARAT,3273,KOTA BANDUNG,3273050,ASTANAANYAR,32.73.10,ASTANA ANYAR,25563,JIWA/KM2,2023
161,32,JAWA BARAT,3273,KOTA BANDUNG,3273060,REGOL,32.73.11,REGOL,18941,JIWA/KM2,2023
162,32,JAWA BARAT,3273,KOTA BANDUNG,3273160,BATUNUNGGAL,32.73.12,BATUNUNGGAL,24339,JIWA/KM2,2023
163,32,JAWA BARAT,3273,KOTA BANDUNG,3273070,LENGKONG,32.73.13,LENGKONG,12174,JIWA/KM2,2023
164,32,JAWA BARAT,3273,KOTA BANDUNG,3273210,CIBEUNYING KIDUL,32.73.14,CIBEUNYING KIDUL,21862,JIWA/KM2,2023
165,32,JAWA BARAT,3273,KOTA BANDUNG,3273010,BANDUNG KULON,32.73.15,BANDUNG KULON,21397,JIWA/KM2,2023
166,32,JAWA BARAT,3273,KOTA BANDUNG,3273150,KIARACONDONG,32.73.16,KIARACONDONG,21619,JIWA/KM2,2023
167,32,JAWA BARAT,3273,KOTA BANDUNG,3273040,BOJONGLOA KIDUL,32.73.17,BOJONGLOA KIDUL,14278,JIWA/KM2,2023
168,32,JAWA BARAT,3273,KOTA BANDUNG,3273220,CIBEUNYING KALER,32.73.18,CIBEUNYING KALER,15926,JIWA/KM2,2023
169,32,JAWA BARAT,3273,KOTA BANDUNG,3273170,SUMUR BANDUNG,32.73.19,SUMUR BANDUNG,11671,JIWA/KM2,2023
170,32,JAWA BARAT,3273,KOTA BANDUNG,3273141,ANTAPANI,32.73.20,ANTAPANI,21539,JIWA/KM2,2023
171,32,JAWA BARAT,3273,KOTA BANDUNG,3273080,BANDUNG KIDUL,32.73.21,BANDUNG KIDUL,10306,JIWA/KM2,2023
172,32,JAWA BARAT,3273,KOTA BANDUNG,3273090,BUAHBATU,32.73.22,BUAHBATU,13472,JIWA/KM2,2023
173,32,JAWA BARAT,3273,KOTA BANDUNG,3273100,RANCASARI,32.73.23,RANCASARI,12071,JIWA/KM2,2023
174,32,JAWA BARAT,3273,KOTA BANDUNG,3273130,ARCAMANIK,32.73.24,ARCAMANIK,14043,JIWA/KM2,2023
175,32,JAWA BARAT,3273,KOTA BANDUNG,3273110,CIBIRU,32.73.25,CIBIRU,12370,JIWA/KM2,2023
176,32,JAWA BARAT,3273,KOTA BANDUNG,3273120,UJUNG BERUNG,32.73.26,UJUNGBERUNG,14540,JIWA/KM2,2023
177,32,JAWA BARAT,3273,KOTA BANDUNG,3273101,GEDEBAGE,32.73.27,GEDEBAGE,4530,JIWA/KM2,2023
178,32,JAWA BARAT,3273,KOTA BANDUNG,3273111,PANYILEUKAN,32.73.28,PANYILEUKAN,8153,JIWA/KM2,2023
179,32,JAWA BARAT,3273,KOTA BANDUNG,3273121,CINAMBO,32.73.29,CINAMBO,7126,JIWA/KM2,2023
180,32,JAWA BARAT,3273,KOTA BANDUNG,3273142,MANDALAJATI,32.73.30,MANDALAJATI,11398,JIWA/KM2,2023
181,32,JAWA BARAT,3273,KOTA BANDUNG,3273250,SUKASARI,32.73.01,SUKASARI,12566,JIWA/KM2,2024
182,32,JAWA BARAT,3273,KOTA BANDUNG,3273230,COBLONG,32.73.02,COBLONG,16046,JIWA/KM2,2024
183,32,JAWA BARAT,3273,KOTA BANDUNG,3273020,BABAKAN CIPARAY,32.73.03,BABAKAN CIPARAY,19963,JIWA/KM2,2024
184,32,JAWA BARAT,3273,KOTA BANDUNG,3273030,BOJONGLOA KALER,32.73.04,BOJONGLOA KALER,41711,JIWA/KM2,2024
185,32,JAWA BARAT,3273,KOTA BANDUNG,3273180,ANDIR,32.73.05,ANDIR,26822,JIWA/KM2,2024
186,32,JAWA BARAT,3273,KOTA BANDUNG,3273190,CICENDO,32.73.06,CICENDO,14261,JIWA/KM2,2024
187,32,JAWA BARAT,3273,KOTA BANDUNG,3273240,SUKAJADI,32.73.07,SUKAJADI,24327,JIWA/KM2,2024
188,32,JAWA BARAT,3273,KOTA BANDUNG,3273260,CIDADAP,32.73.08,CIDADAP,9204,JIWA/KM2,2024
189,32,JAWA BARAT,3273,KOTA BANDUNG,3273200,BANDUNG WETAN,32.73.09,BANDUNG WETAN,8675,JIWA/KM2,2024
190,32,JAWA BARAT,3273,KOTA BANDUNG,3273050,ASTANAANYAR,32.73.10,ASTANA ANYAR,25555,JIWA/KM2,2024
191,32,JAWA BARAT,3273,KOTA BANDUNG,3273060,REGOL,32.73.11,REGOL,19001,JIWA/KM2,2024
192,32,JAWA BARAT,3273,KOTA BANDUNG,3273160,BATUNUNGGAL,32.73.12,BATUNUNGGAL,24518,JIWA/KM2,2024
193,32,JAWA BARAT,3273,KOTA BANDUNG,3273070,LENGKONG,32.73.13,LENGKONG,12187,JIWA/KM2,2024
194,32,JAWA BARAT,3273,KOTA BANDUNG,3273210,CIBEUNYING KIDUL,32.73.14,CIBEUNYING KIDUL,22007,JIWA/KM2,2024
195,32,JAWA BARAT,3273,KOTA BANDUNG,3273010,BANDUNG KULON,32.73.15,BANDUNG KULON,21467,JIWA/KM2,2024
196,32,JAWA BARAT,3273,KOTA BANDUNG,3273150,KIARACONDONG,32.73.16,KIARACONDONG,21742,JIWA/KM2,2024
197,32,JAWA BARAT,3273,KOTA BANDUNG,3273040,BOJONGLOA KIDUL,32.73.17,BOJONGLOA KIDUL,14382,JIWA/KM2,2024
198,32,JAWA BARAT,3273,KOTA BANDUNG,3273220,CIBEUNYING KALER,32.73.18,CIBEUNYING KALER,16098,JIWA/KM2,2024
199,32,JAWA BARAT,3273,KOTA BANDUNG,3273170,SUMUR BANDUNG,32.73.19,SUMUR BANDUNG,11887,JIWA/KM2,2024
200,32,JAWA BARAT,3273,KOTA BANDUNG,3273141,ANTAPANI,32.73.20,ANTAPANI,21728,JIWA/KM2,2024
201,32,JAWA BARAT,3273,KOTA BANDUNG,3273080,BANDUNG KIDUL,32.73.21,BANDUNG KIDUL,10410,JIWA/KM2,2024
202,32,JAWA BARAT,3273,KOTA BANDUNG,3273090,BUAHBATU,32.73.22,BUAHBATU,13627,JIWA/KM2,2024
203,32,JAWA BARAT,3273,KOTA BANDUNG,3273100,RANCASARI,32.73.23,RANCASARI,12245,JIWA/KM2,2024
204,32,JAWA BARAT,3273,KOTA BANDUNG,3273130,ARCAMANIK,32.73.24,ARCAMANIK,14283,JIWA/KM2,2024
205,32,JAWA BARAT,3273,KOTA BANDUNG,3273110,CIBIRU,32.73.25,CIBIRU,12572,JIWA/KM2,2024
206,32,JAWA BARAT,3273,KOTA BANDUNG,3273120,UJUNG BERUNG,32.73.26,UJUNGBERUNG,14777,JIWA/KM2,2024
207,32,JAWA BARAT,3273,KOTA BANDUNG,3273101,GEDEBAGE,32.73.27,GEDEBAGE,4633,JIWA/KM2,2024
208,32,JAWA BARAT,3273,KOTA BANDUNG,3273111,PANYILEUKAN,32.73.28,PANYILEUKAN,8247,JIWA/KM2,2024
209,32,JAWA BARAT,3273,KOTA BANDUNG,3273121,CINAMBO,32.73.29,CINAMBO,7242,JIWA/KM2,2024
210,32,JAWA BARAT,3273,KOTA BANDUNG,3273142,MANDALAJATI,32.73.30,MANDALAJATI,11570,JIWA/KM2,2024
